{"stats":{"minecraft:killed":{"minecraft:wandering_trader":1,"minecraft:trader_llama":2},"minecraft:picked_up":{"minecraft:wooden_axe":1,"minecraft:redstone_block":140,"minecraft:repeater":6,"minecraft:tripwire_hook":1,"minecraft:leather":3,"minecraft:lead":2,"minecraft:sticky_piston":4,"minecraft:redstone_torch":3,"minecraft:powered_rail":34,"minecraft:stone_button":1,"minecraft:redstone":32,"minecraft:polar_bear_spawn_egg":275,"minecraft:polished_blackstone_pressure_plate":1,"minecraft:snowball":1},"minecraft:used":{"minecraft:chiseled_polished_blackstone":12,"minecraft:nether_brick_fence":8,"minecraft:light_blue_stained_glass_pane":26,"minecraft:end_rod":8,"minecraft:enchanting_table":5,"minecraft:dropper":34,"minecraft:snow_block":1,"minecraft:wither_skeleton_skull":4,"minecraft:gray_carpet":155,"minecraft:redstone":667,"minecraft:red_stained_glass":98,"minecraft:red_concrete":160,"minecraft:dispenser":3,"minecraft:polished_blackstone":7,"minecraft:powered_rail":952,"minecraft:lime_wool":9,"minecraft:oak_sign":56,"minecraft:blue_wool":18,"minecraft:blackstone":235,"minecraft:ender_pearl":110,"minecraft:chest":10,"minecraft:ender_chest":1,"minecraft:stone":2,"minecraft:redstone_block":567,"minecraft:polished_blackstone_bricks":84,"minecraft:green_glazed_terracotta":5,"minecraft:polished_blackstone_pressure_plate":21,"minecraft:target":1,"minecraft:comparator":89,"minecraft:light_blue_concrete":214,"minecraft:crimson_trapdoor":2,"minecraft:tnt":2,"minecraft:hopper":5,"minecraft:blue_stained_glass":25,"minecraft:light_blue_wool":4,"minecraft:cobblestone_wall":20,"minecraft:polar_bear_spawn_egg":3,"minecraft:note_block":32,"minecraft:gray_concrete":236,"minecraft:blue_concrete":215,"minecraft:light_blue_stained_glass":36,"minecraft:snowball":129,"minecraft:milk_bucket":1,"minecraft:obsidian":1,"minecraft:redstone_torch":106,"minecraft:polished_blackstone_slab":96,"minecraft:sticky_piston":283,"minecraft:piston":214,"minecraft:crimson_button":2,"minecraft:netherite_block":600,"minecraft:lever":7,"minecraft:green_concrete":237,"minecraft:flower_pot":4,"minecraft:honey_block":237,"minecraft:lava_bucket":5,"minecraft:light_gray_stained_glass":72,"minecraft:daylight_detector":1,"minecraft:crying_obsidian":2,"minecraft:command_block":50,"minecraft:gray_stained_glass_pane":41,"minecraft:light_gray_concrete":122,"minecraft:light_weighted_pressure_plate":4,"minecraft:string":1,"minecraft:slime_block":68,"minecraft:stone_button":50,"minecraft:green_wool":20,"minecraft:crimson_planks":2,"minecraft:soul_lantern":1,"minecraft:item_frame":11,"minecraft:light_gray_wool":2,"minecraft:birch_button":1,"minecraft:tripwire_hook":2,"minecraft:repeater":144,"minecraft:redstone_lamp":28,"minecraft:lime_concrete":107,"minecraft:black_stained_glass":375,"minecraft:gray_glazed_terracotta":12,"minecraft:iron_trapdoor":172,"minecraft:lime_stained_glass":34,"minecraft:gold_block":6,"minecraft:smooth_stone_slab":2,"minecraft:oak_boat":2,"minecraft:stone_pressure_plate":6,"minecraft:white_concrete":8,"minecraft:observer":482,"minecraft:smooth_stone":170,"minecraft:birch_stairs":2,"minecraft:gray_stained_glass":241,"minecraft:green_stained_glass":43},"minecraft:custom":{"minecraft:inspect_dropper":73,"minecraft:mob_kills":3,"minecraft:inspect_hopper":26,"minecraft:tune_noteblock":108,"minecraft:play_one_minute":1166050,"minecraft:leave_game":29,"minecraft:time_since_death":1166050,"minecraft:time_since_rest":1166050,"minecraft:walk_one_cm":662487,"minecraft:sprint_one_cm":67106,"minecraft:drop":10,"minecraft:damage_dealt":960,"minecraft:fly_one_cm":14450598,"minecraft:crouch_one_cm":31141,"minecraft:sneak_time":48083,"minecraft:boat_one_cm":520,"minecraft:jump":678,"minecraft:fall_one_cm":269},"minecraft:dropped":{"minecraft:gray_stained_glass":1,"minecraft:gray_stained_glass_pane":1,"minecraft:green_concrete":2,"minecraft:polished_blackstone_pressure_plate":1,"minecraft:wooden_axe":1,"minecraft:snowball":2,"minecraft:redstone_block":1,"minecraft:redstone":1}},"DataVersion":2578}