{"stats":{"minecraft:used":{"minecraft:nether_brick_fence":16,"minecraft:light_blue_glazed_terracotta":8,"minecraft:dropper":2,"minecraft:redstone":829,"minecraft:powered_rail":745,"minecraft:oak_sign":26,"minecraft:polished_diorite_slab":1050,"minecraft:ender_pearl":29,"minecraft:chest":7,"minecraft:redstone_block":352,"minecraft:cauldron":1,"minecraft:magenta_stained_glass":1,"minecraft:warped_sign":2,"minecraft:player_head":8,"minecraft:conduit":8,"minecraft:oak_leaves":77,"minecraft:target":5,"minecraft:comparator":130,"minecraft:cyan_glazed_terracotta":11,"minecraft:light_blue_concrete":39,"minecraft:dark_prismarine_slab":231,"minecraft:tnt":5,"minecraft:hopper":3,"minecraft:blue_stained_glass":84,"minecraft:birch_sign":14,"minecraft:cobblestone_wall":2,"minecraft:yellow_concrete":2,"minecraft:note_block":57,"minecraft:lingering_potion":47,"minecraft:gray_concrete":30,"minecraft:blue_concrete":52,"minecraft:snowball":58,"minecraft:light_blue_stained_glass":151,"minecraft:cyan_stained_glass":360,"minecraft:purple_stained_glass":88,"minecraft:redstone_torch":98,"minecraft:andesite_wall":8,"minecraft:oak_log":4,"minecraft:sticky_piston":264,"minecraft:piston":120,"minecraft:stone_brick_slab":77,"minecraft:lava_bucket":11,"minecraft:green_concrete":31,"minecraft:flower_pot":26,"minecraft:honey_block":325,"minecraft:sea_lantern":13,"minecraft:activator_rail":19,"minecraft:crying_obsidian":2,"minecraft:command_block":1,"minecraft:light_gray_concrete":1,"minecraft:slime_block":131,"minecraft:warped_fence":8,"minecraft:stone_button":1,"minecraft:quartz_block":127,"minecraft:cyan_concrete":1361,"minecraft:polished_granite":62,"minecraft:iron_door":32,"minecraft:prismarine_wall":6,"minecraft:item_frame":4,"minecraft:tripwire_hook":1,"minecraft:purple_concrete":48,"minecraft:repeater":151,"minecraft:redstone_lamp":4,"minecraft:iron_trapdoor":55,"minecraft:cyan_stained_glass_pane":17,"minecraft:warped_fence_gate":14,"minecraft:white_stained_glass":15,"minecraft:repeating_command_block":1,"minecraft:trapped_chest":1,"minecraft:white_concrete":161,"minecraft:warped_button":8,"minecraft:observer":516,"minecraft:dark_prismarine_stairs":2,"minecraft:splash_potion":67,"minecraft:green_stained_glass":58},"minecraft:killed":{"minecraft:wandering_trader":1,"minecraft:trader_llama":2},"minecraft:picked_up":{"minecraft:repeater":4,"minecraft:iron_door":3,"minecraft:leather":3,"minecraft:lead":2,"minecraft:sticky_piston":1,"minecraft:oak_sign":2,"minecraft:activator_rail":4,"minecraft:powered_rail":87,"minecraft:piston":2,"minecraft:redstone":18,"minecraft:birch_sign":1,"minecraft:snowball":1,"minecraft:ender_pearl":432},"minecraft:custom":{"minecraft:inspect_dropper":3,"minecraft:interact_with_furnace":1,"minecraft:mob_kills":3,"minecraft:inspect_hopper":11,"minecraft:tune_noteblock":400,"minecraft:fill_cauldron":1,"minecraft:play_one_minute":1228055,"minecraft:damage_dealt_resisted":720,"minecraft:leave_game":23,"minecraft:time_since_death":1228055,"minecraft:time_since_rest":1228055,"minecraft:sprint_one_cm":26526,"minecraft:walk_one_cm":519349,"minecraft:trigger_trapped_chest":7,"minecraft:drop":3,"minecraft:damage_dealt":10,"minecraft:fly_one_cm":12902067,"minecraft:open_chest":2,"minecraft:crouch_one_cm":5144,"minecraft:sneak_time":48506,"minecraft:jump":714},"minecraft:dropped":{"minecraft:snowball":2,"minecraft:redstone":1}},"DataVersion":2586}