{"stats":{"minecraft:picked_up":{"minecraft:repeater":1,"minecraft:leather":4,"minecraft:lead":4,"minecraft:elytra":10,"minecraft:oak_sign":10,"minecraft:activator_rail":8,"minecraft:redstone_torch":1,"minecraft:powered_rail":39,"minecraft:stone_button":1,"minecraft:redstone":13,"minecraft:firework_rocket":6,"minecraft:ender_pearl":6},"minecraft:dropped":{"minecraft:ender_pearl":6,"minecraft:elytra":9,"minecraft:firework_rocket":6},"minecraft:killed":{"minecraft:wandering_trader":2,"minecraft:trader_llama":4},"minecraft:used":{"minecraft:oak_trapdoor":53,"minecraft:purpur_block":8,"minecraft:nether_brick_fence":19,"minecraft:end_rod":11,"minecraft:iron_bars":1,"minecraft:pink_glazed_terracotta":11,"minecraft:wither_skeleton_skull":2,"minecraft:red_concrete":11,"minecraft:redstone":91,"minecraft:powered_rail":92,"minecraft:oak_sign":8,"minecraft:ender_pearl":219,"minecraft:chest":1,"minecraft:birch_boat":1,"minecraft:ender_chest":4,"minecraft:stone":1,"minecraft:black_glazed_terracotta":82,"minecraft:redstone_block":8,"minecraft:torch":4,"minecraft:pink_concrete":568,"minecraft:dirt":1,"minecraft:purpur_stairs":2,"minecraft:anvil":8,"minecraft:light_blue_concrete":70,"minecraft:dark_prismarine_slab":1,"minecraft:birch_sign":2,"minecraft:cobblestone_wall":6,"minecraft:blue_ice":1,"minecraft:yellow_concrete":11,"minecraft:note_block":16,"minecraft:gray_concrete":70,"minecraft:stone_brick_wall":5,"minecraft:pink_carpet":103,"minecraft:snowball":143,"minecraft:light_blue_stained_glass":28,"minecraft:blue_concrete":4,"minecraft:redstone_torch":31,"minecraft:sticky_piston":26,"minecraft:glass":2,"minecraft:piston":8,"minecraft:packed_ice":1,"minecraft:sea_lantern":12,"minecraft:firework_rocket":6,"minecraft:birch_fence_gate":2,"minecraft:slime_block":119,"minecraft:string":1,"minecraft:stone_button":21,"minecraft:quartz_block":27,"minecraft:purpur_slab":15,"minecraft:birch_trapdoor":5,"minecraft:birch_button":3,"minecraft:tripwire_hook":2,"minecraft:diamond_sword":24,"minecraft:repeater":14,"minecraft:black_stained_glass":2,"minecraft:iron_trapdoor":37,"minecraft:white_stained_glass":7,"minecraft:smooth_stone_slab":147,"minecraft:pink_stained_glass":214,"minecraft:gold_block":1,"minecraft:ice":1,"minecraft:observer":53},"minecraft:custom":{"minecraft:mob_kills":6,"minecraft:tune_noteblock":428,"minecraft:play_one_minute":827648,"minecraft:leave_game":25,"minecraft:time_since_death":57873,"minecraft:time_since_rest":57910,"minecraft:sprint_one_cm":71263,"minecraft:damage_taken":7220,"minecraft:walk_one_cm":917690,"minecraft:drop":21,"minecraft:damage_dealt":1251,"minecraft:fly_one_cm":17463323,"minecraft:open_chest":4,"minecraft:crouch_one_cm":5952,"minecraft:deaths":4,"minecraft:sneak_time":21734,"minecraft:boat_one_cm":1192,"minecraft:aviate_one_cm":3765342,"minecraft:jump":1148,"minecraft:fall_one_cm":404499}},"DataVersion":2230}