{"stats":{"minecraft:custom":{"minecraft:jump":66,"minecraft:time_since_rest":30452,"minecraft:leave_game":1,"minecraft:crouch_one_cm":2203,"minecraft:play_one_minute":30613,"minecraft:sprint_one_cm":4255,"minecraft:walk_one_cm":16852,"minecraft:damage_taken":280,"minecraft:time_since_death":30427,"minecraft:deaths":1,"minecraft:sneak_time":1868,"minecraft:tune_noteblock":1,"minecraft:fly_one_cm":492216},"minecraft:used":{"minecraft:white_stained_glass":1,"minecraft:ender_pearl":3,"minecraft:observer":1}},"DataVersion":2586}