{"stats":{"minecraft:used":{"minecraft:purpur_block":9,"minecraft:nether_brick_fence":356,"minecraft:end_rod":6,"minecraft:dropper":13,"minecraft:dead_tube_coral_fan":2,"minecraft:powered_rail":832,"minecraft:redstone":696,"minecraft:polished_andesite":66,"minecraft:oak_sign":24,"minecraft:blackstone":161,"minecraft:ender_pearl":42,"minecraft:white_terracotta":36,"minecraft:redstone_block":604,"minecraft:cauldron":15,"minecraft:player_head":21,"minecraft:oak_leaves":107,"minecraft:orange_stained_glass":2,"minecraft:target":5,"minecraft:comparator":176,"minecraft:light_blue_concrete":3,"minecraft:tnt":5,"minecraft:crafting_table":1,"minecraft:cobblestone_wall":50,"minecraft:shulker_box":3,"minecraft:light_gray_glazed_terracotta":8,"minecraft:note_block":100,"minecraft:gray_concrete":95,"minecraft:piston":116,"minecraft:end_stone":10,"minecraft:oak_fence_gate":13,"minecraft:snowball":134,"minecraft:lava_bucket":14,"minecraft:crimson_fence_gate":5,"minecraft:polished_diorite":86,"minecraft:milk_bucket":1,"minecraft:oak_log":1,"minecraft:redstone_torch":118,"minecraft:sticky_piston":243,"minecraft:stone_brick_slab":1130,"minecraft:flower_pot":21,"minecraft:lever":4,"minecraft:honey_block":147,"minecraft:cyan_terracotta":156,"minecraft:activator_rail":26,"minecraft:iron_block":478,"minecraft:command_block":17,"minecraft:light_gray_concrete":85,"minecraft:brown_stained_glass":15,"minecraft:string":8,"minecraft:slime_block":168,"minecraft:stone_button":10,"minecraft:detector_rail":1,"minecraft:polished_granite":200,"minecraft:spruce_trapdoor":23,"minecraft:diorite_wall":121,"minecraft:tripwire_hook":4,"minecraft:birch_trapdoor":28,"minecraft:brown_stained_glass_pane":2,"minecraft:repeater":222,"minecraft:redstone_lamp":2,"minecraft:black_stained_glass":10,"minecraft:iron_trapdoor":51,"minecraft:white_stained_glass":909,"minecraft:acacia_fence":1,"minecraft:minecart":1,"minecraft:magenta_glazed_terracotta":3,"minecraft:repeating_command_block":2,"minecraft:stone_pressure_plate":7,"minecraft:white_concrete":1188,"minecraft:chorus_plant":41,"minecraft:observer":519,"minecraft:smooth_stone":7},"minecraft:crafted":{"minecraft:iron_block":192},"minecraft:picked_up":{"minecraft:shulker_box":1},"minecraft:killed":{"minecraft:wandering_trader":1,"minecraft:trader_llama":1},"minecraft:custom":{"minecraft:inspect_dropper":7,"minecraft:mob_kills":2,"minecraft:interact_with_crafting_table":2,"minecraft:tune_noteblock":119,"minecraft:fill_cauldron":10,"minecraft:play_one_minute":1506924,"minecraft:open_shulker_box":2,"minecraft:leave_game":46,"minecraft:time_since_death":269294,"minecraft:time_since_rest":269328,"minecraft:sprint_one_cm":41577,"minecraft:damage_taken":720,"minecraft:walk_one_cm":580150,"minecraft:drop":141,"minecraft:damage_dealt":372,"minecraft:fly_one_cm":18096228,"minecraft:crouch_one_cm":22406,"minecraft:deaths":2,"minecraft:sneak_time":81131,"minecraft:jump":894},"minecraft:dropped":{"minecraft:water_bucket":3,"minecraft:polished_diorite":2,"minecraft:note_block":4,"minecraft:cobblestone_wall":2,"minecraft:ender_pearl":1,"minecraft:sticky_piston":1,"minecraft:light_gray_glazed_terracotta":1,"minecraft:observer":3,"minecraft:command_block":1,"minecraft:activator_rail":2,"minecraft:nether_brick_fence":2,"minecraft:oak_sign":6,"minecraft:orange_stained_glass":1,"minecraft:stick":1,"minecraft:polished_andesite":2,"minecraft:end_rod":3,"minecraft:lava_bucket":1,"minecraft:cyan_terracotta":1,"minecraft:iron_block":2,"minecraft:oak_fence_gate":1,"minecraft:gray_concrete":3,"minecraft:birch_trapdoor":2,"minecraft:iron_trapdoor":1,"minecraft:spruce_trapdoor":1,"minecraft:diorite_wall":7,"minecraft:repeater":7,"minecraft:honey_block":1,"minecraft:white_concrete":7,"minecraft:snowball":1,"minecraft:redstone_torch":5,"minecraft:magenta_glazed_terracotta":1,"minecraft:powered_rail":14,"minecraft:smooth_stone":1,"minecraft:brown_stained_glass":2,"minecraft:string":1,"minecraft:tripwire_hook":1,"minecraft:white_stained_glass":5,"minecraft:polished_granite":1,"minecraft:cauldron":1,"minecraft:redstone_block":20,"minecraft:stone_brick_slab":10,"minecraft:redstone":9}},"DataVersion":2586}